<?xml version="1.0" encoding="utf-8"?>
<!DOCTYPE install PUBLIC "-//Joomla! 1.6//DTD template 1.0//EN" "http://www.joomla.org/xml/dtd/1.6/template-install.dtd">
<extension version="2.5" type="template" method="upgrade" client="site">
	<name>JD Boston</name>
	<version>1.0</version>
	<creationDate>October, 2016</creationDate>
	<author>Joomdev</author>
	<authorEmail>info@joomdev.com</authorEmail>
	<authorUrl>http://www.joomdev.com</authorUrl>
	<copyright>(C) 2008 - 2016 JoomDev. All rights reserved.</copyright>
	<license>license GNU/GPLv3 http://www.gnu.org/licenses/gpl-3.0.html</license>
	<t3>
		<base>base-bs3</base>
	</t3>
	<description>
		<![CDATA[
		<div align="center">
			<div class="alert alert-success" style="background-color:#DFF0D8;border-color:#D6E9C6;color: #468847;padding: 1px 0;">
				<br>
				<a target="_blank" href="http://www.joomdev.com/">JD Boston</a>
				<h4><br><a target="_blank" href="http://www.joomdev.com/" title="">Home</a> | <a target="_blank" href="http://demo.joomdev.com/boston/" title="">Demo</a> | <a target="_blank" href="https://www.joomdev.com/documentation/boston.html" title="">Document</a> | <a target="_blank" href="https://www.joomdev.com/products/templates/jd-boston-template#changelog" title="">Changelog</a></h4>
				<p> </p>
				<span style="color:#FF0000"></span><p></p>
				<p>Copyright 2008 - 2016 <a target="_blank" href='http://www.joomdev.com/' title='Visit Joomdev.com'>Joomdev.com</a>.</p>
			</div>
			<style>table.adminform{width: 100%;}</style>
		</div>
		]]>
	</description>
	<files>
		<filename>component.php</filename>
		<filename>favicon.ico</filename>
		<filename>index.html</filename>
		<filename>index.php</filename>
		<filename>thememagic.xml</filename>
		<filename>templateInfo.php</filename>
		<filename>templateHook.php</filename>
		<filename>template_preview.png</filename>
		<filename>template_thumbnail.png</filename>
		<filename>templateDetails.xml</filename>
		<folder>etc</folder>
		<folder>fonts</folder>
		<folder>html</folder>
		<folder>css</folder>
		<folder>js</folder>
		<folder>less</folder>
		<folder>language</folder>
		<folder>images</folder>
		<folder>tpls</folder>
	</files>
	
	<languages folder="language">
		<language tag="en-GB">en-GB/en-GB.jd_boston.ini</language>
		<language tag="en-GB">en-GB/en-GB.jd_boston.sys.ini</language>
	</languages>

	<positions>
		<position>topbar-1</position>
		<position>topbar-2</position>
		<position>languageswitcherload</position>
		<position>head-search</position>
		<position>mainnav</position>
		<position>slider-head</position>
		<position>navhelper</position>
		<position>breadcrumbs</position>
		<position>off-canvas</position>
		<position>sidebar-1</position>
		<position>sidebar-2</position>
		<position>blog-page-1</position>
		<position>mast-col</position>
		<position>footer</position>
		<position>home-0</position>
		<position>home-1</position>
		<position>home-2</position>
		<position>home-3</position>
		<position>home-4</position>
		<position>home-5</position>
		<position>position-0</position>
		<position>position-1</position>
		<position>position-2</position>
		<position>position-3</position>
		<position>position-4</position>
		<position>position-5</position>
		<position>position-6</position>
		<position>position-7</position>
		<position>position-8</position>
		<position>position-9</position>
		<position>position-10</position>
		<position>position-11</position>
		<position>position-12</position>
		<position>position-13</position>
		<position>position-14</position>
		<position>position-15</position>
		<position>showcase-1</position>
		<position>showcase-2</position>
		<position>showcase-3</position>
		<position>showcase-4</position>
		<position>fullwidth-1</position>
		<position>fullwidth-2</position>
		<position>fullwidth-3</position>
		<position>fullwidth-4</position>
		<position>feature-1</position>
		<position>feature-2</position>
		<position>feature-3</position>
		<position>feature-4</position>
		<position>bottom-1</position>
		<position>bottom-2</position>
		<position>bottom-3</position>
		<position>bottom-4</position>
		<position>addressbar</position>
		<position>addressbarbottom</position>
		<position>testimonials-1</position>
		<position>footer-1</position>
		<position>footer-2</position>
		<position>footer-3</position>
		<position>footer-4</position>
		<position>copyright-1</position>
		<position>debug</position>
		<position>headerimg</position>
	</positions>

	<config>
		<fields name="params" addfieldpath="/plugins/system/t3/includes/depend">

			<!-- Sample for add or disable template parameters -->
			<!--fieldset name="menu_params" label="T3_PARAMS_MEGAMENU">
				<field name="group_disable" type="t3depend" function="@group">
					<option for="menu_as_bg" value="no">menu_as_bg</option>
				</field>
			</fieldset-->
			
		</fields>
	</config>

	<updateservers>
		<server type="collection">http://update.joomlart.com/service/tracking/list.xml</server>
	</updateservers>

</extension>
