<?xml version="1.0" encoding="utf-8"?>
<extension version="2.5" type="plugin" group="system" method="upgrade">
	<name>T3 Framework</name>
	<author>JoomlArt.com</author>
	<creationDate>August 15, 2016</creationDate>
	<copyright>Copyright (C) 2005 - 2016 Open Source Matters. All rights reserved.</copyright>
	<license>GNU General Public License version 2 or later; see LICENSE.txt</license>
	<authorEmail>info@joomlart.com</authorEmail>
	<authorUrl>http://www.t3-framework.org</authorUrl>
	<version>2.6.1</version>
	<description>
	<![CDATA[
	<div align="center">
		<div class="alert alert-success" style="background-color:#DFF0D8;border-color:#D6E9C6;color: #468847;padding: 1px 0;">
				<a href="http://t3-framework.org/"><img src="http://joomlart.s3.amazonaws.com/images/jat3v3-documents/message-installation/logo.png" alt="some_text" width="300" height="99"></a>
				<h4><a href="http://t3-framework.org/" title="">Home</a> | <a href="http://demo.t3-framework.org/" title="">Demo</a> | <a href="http://t3-framework.org/documentation" title="">Document</a> | <a href="https://github.com/t3framework/t3/blob/master/CHANGELOG.md" title="">Changelog</a></h4>
		<p> </p>
		<p>Copyright 2004 - 2016 <a href='http://www.joomlart.com/' title='Visit Joomlart.com!'>JoomlArt.com</a>.</p>
		</div>
     <style>table.adminform{width: 100%;}</style>
	 </div>
		]]>
	</description>	
	<scriptfile>t3.script.php</scriptfile>
	<files>
		<filename plugin="t3">t3.php</filename>
		<filename>index.html</filename>
		<folder>admin</folder>
		<folder>base</folder>
		<folder>base-bs3</folder>
		<folder>includes</folder>
		<folder>language</folder>
	</files>
	<languages folder="language">
		<language tag="en-GB">en-GB/en-GB.plg_system_t3.ini</language>
		<language tag="en-GB">en-GB/en-GB.plg_system_t3.sys.ini</language>
		<language tag="en-GB">en-GB/en-GB.plg_system_t3.j25.compat.ini</language>
	</languages>
	<config>
		<fields name="params">
		</fields>
	</config>
	<updateservers>
	   <server type="collection">http://update.joomlart.com/service/tracking/list.xml</server>
	</updateservers>	
</extension>
